"id","email","age","distance2offline","online_visits","online_trans","online_ads","online_spend","offline_trans","offline_spend","rating4service","rating4products","newsreceived","newscharges"
1,"yes",28,11.487,9,3,1,18.01,0,0,2,2,72,19.75
2,"yes",38,12.596,0,0,0,0,2,107.25,NA,NA,68,86.05
3,"yes",34,100.722,0,0,1,0,0,0,NA,NA,35,422.6
4,"yes",45,156.003,411,119,3,2201.37,0,0,4,4,23,95.1
5,"yes",33,64.944,0,0,1,0,3,67.6,3,3,50,3019.25
6,"yes",27,10.638,0,0,1,0,0,0,4,2,10,4068
7,"yes",35,7.587,2,0,1,0,0,0,NA,NA,53,5617.75
8,"",35,5.001,13,4,2,52.97,1,33.9,3,2,62,6300.85
9,"yes",31,3.544,0,0,3,0,0,0,NA,NA,30,3008.15
10,"yes",123,3.088,0,0,3,0,4,155.54,2,2,57,4952.95
11,"no",31,2.832,22,8,1,52.17,2,75.86,3,2,5,210.65
12,"",31,4.22,123,40,1,242.5,2,47.12,4,5,4,564.4
4,"yes",45,152.003,410,119,4,2000.37,0,0,4,4,23,95.1
13,"yes",36,3.049,6,3,2,33.45,2,92.99,2,1,2,7774.05
14,"yes",35,19.298,94,27,2,281.86,0,0,4,5,37,605.45
15,"yes",37,28.395,28,7,1,42.53,2,86.34,2,1,64,3001.2
16,"yes",130,3.077,462,126,3,2221.83,3,89.26,3,3,50,1641.3
17,"yes",31,1.417,35,12,1,78.6,1,16.39,3,3,1,201.7
18,"yes",35,6.116,71,24,1,122.59,2,61.92,4,3,32,1033.9
19,"yes",31,11.27,51,15,2,172.57,1,43.09,2,1,65,2168.15
20,"yes",46,4.941,0,0,0,0,0,0,3,3,14,96.8
21,"no",30,13.169,16,4,3,67.1,0,0,NA,NA,60,44.4
22,"yes",43,22.555,16,3,4,74.91,0,0,NA,NA,58,5848.6
23,"yes",30,27.837,2,1,3,21.42,2,48.42,2,2,4,74.3
24,"yes",33,9.269,71,19,0,0,3,73.62,NA,NA,51,5692.65
25,"yes",39,3.302,12,1,2,12.35,0,0,4,4,72,363.15
26,"yes",32,5.95,5,0,2,0,0,0,2,2,34,1849.95
27,"yes",31,30.206,0,0,1,0,2,30.05,NA,NA,62,112.75
28,"yes",36,71.881,44,18,2,192.97,1,33.52,2,1,4,102.5
29,"yes",40,46.985,3,1,1,6.68,0,0,NA,NA,42,1058.25
30,"yes",38,11.134,10,2,3,29.93,0,0,NA,NA,31,6903.1
31,"no",34,5.92,0,0,1,0,0,0,NA,NA,65,2625.25
32,"yes",40,10.65,1,0,2,0,2,153.36,3,2,12,45.85
24,"yes",33,9.269,65,13,0,0,3,73.62,NA,NA,51,5692.65
33,"yes",34,6.848,78,21,0,0,0,0,NA,NA,4,2254.2
34,"yes",34,187.699,71,24,1,156.3,0,0,2,3,1,1710.45
35,"yes",36,70.264,126,27,1,176.98,0,0,3,3,2,4973.4
36,"no",28,13.356,0,0,1,0,0,0,3,2,16,117.95
37,"yes",34,1.789,0,0,2,0,2,59.8,NA,NA,13,4535.85
38,"no",44,2.108,7,2,2,25.35,3,108.66,3,2,68,552.65
39,"yes",37,5.432,0,0,1,0,3,59.82,NA,NA,11,134.05
40,"yes",39,11.303,16,7,3,151.29,0,0,3,3,4,1821.8
41,"yes",37,19.458,0,0,2,0,2,36.67,NA,NA,10,5165.7
42,"yes",36,4.036,5,1,1,5.01,2,78.38,3,3,12,4267.15
43,"yes",38,1.044,178,54,1,262.13,1,46.59,4,3,65,1764.75
44,"yes",36,4.741,11,4,3,71.32,1,41.58,NA,NA,46,2070.6
45,"no",38,3.852,41,10,1,72.63,0,0,4,3,11,1801.9
46,"no",37,0.585,1,0,2,0,11,803.8,NA,NA,72,50.15
47,"yes",24,42.238,3,2,2,28.01,0,0,3,2,8,1336.15
48,"yes",32,8.757,0,0,2,0,1,16.39,5,3,12,173.15
49,"no",29,55.123,4,0,1,0,0,0,4,3,2,3721.9
50,"yes",33,1.338,10,3,0,0,2,73.91,2,2,11,2483.5
51,"yes",37,34.662,26,3,1,19.13,0,0,NA,NA,16,8424.9
52,"yes",30,2.668,122,37,1,211.52,3,65.49,NA,NA,69,4916.4
53,"no",28,6.051,79,26,1,163.46,3,184.73,2,2,58,990.85
54,"no",39,11.853,9,3,0,0,0,0,NA,NA,37,2134.3
55,"yes",28,2.539,427,125,2,1466.59,1,61.81,3,3,72,305.55
56,"yes",29,3.465,9,0,1,0,1,30.95,2,2,21,39.85
57,"yes",37,6.887,0,0,0,0,1,34.35,3,2,10,439.75
58,"no",27,3.362,0,0,1,0,0,0,3,3,65,2661.1
59,"yes",35,23.989,147,43,2,473.25,1,39.3,3,2,21,5918.8
60,"yes",35,2.226,10,5,1,28.66,1,57.79,2,2,67,6567.9
61,"yes",29,14.512,13,8,1,50.27,1,26.04,NA,NA,2,4116.8
62,"yes",42,2.443,10,4,0,0,5,133.64,NA,NA,29,3593.8
63,"yes",29,6.389,34,10,3,186.67,0,0,3,2,60,232.1
64,"yes",36,13.174,1,1,1,6.34,0,0,NA,NA,13,5154.5
65,"yes",33,58.247,0,0,3,0,0,0,2,2,53,2490.15
66,"yes",37,5.822,0,0,1,0,0,0,NA,NA,58,2651.1
67,"yes",40,6.309,3,0,2,0,1,29.9,NA,NA,51,2718.3
68,"yes",44,36.75,46,14,2,153.65,1,55.15,NA,NA,54,1016.7
69,"no",27,0.863,0,0,0,0,2,50.01,3,3,65,1783.75
70,"yes",33,3.398,12,4,0,0,1,35.13,1,1,43,4507.15
71,"no",35,13.999,33,9,2,107.91,1,49.62,1,2,1,487.95
72,"yes",30,15.418,2,0,1,0,1,62.63,5,5,38,810.2
73,"yes",42,1.667,19,7,2,78.6,3,108.3,3,3,55,5436.45
74,"yes",41,19.7,12,4,1,23.26,0,0,NA,NA,60,45.85
75,"yes",35,48.597,3,1,1,5.63,0,0,NA,NA,4,70.15
76,"yes",29,198.605,0,0,1,0,0,0,NA,NA,56,226.8
77,"yes",29,9,7,3,1,18.9,0,0,NA,NA,1,743.75
78,"yes",40,2.696,2,1,0,0,0,0,3,2,1,1329.15
79,"no",32,62.199,1,1,2,11.71,1,41.28,4,3,26,1031.7
80,"yes",32,5.08,21,5,1,27.07,1,29.89,3,4,4,278.4
81,"yes",30,1.613,118,35,3,612.38,3,175.12,3,3,72,7317.1
82,"yes",30,1.094,0,0,2,0,1,40.61,4,3,53,760.05
83,"yes",38,186.523,106,31,1,172.91,0,0,3,2,4,146.4
84,"yes",41,2.037,21,9,1,47.94,3,141.93,NA,NA,33,194.55
85,"no",35,7.937,29,8,0,0,0,0,4,4,1,1470.05
86,"yes",36,3.175,51,14,0,0,0,0,NA,NA,18,4525.8
87,"yes",38,16.734,1,0,3,0,0,0,NA,NA,52,1677.85
88,"yes",28,5.262,8,1,1,6.5,2,103.03,NA,NA,2,697.25
89,"yes",38,15.298,49,17,0,0,1,45.99,5,4,60,6253
90,"yes",35,11.196,19,6,2,68.19,0,0,NA,NA,51,315.3
91,"yes",41,21.349,0,0,0,0,1,31.97,NA,NA,24,1930.9
92,"no",36,26.076,0,0,2,0,0,0,1,1,50,25.2
93,"yes",23,72.67,14,7,1,37.93,0,0,2,1,54,1073.3
94,"yes",28,36.307,3,3,3,53.88,0,0,4,3,30,1322.85
95,"yes",33,0.502,140,41,2,523.34,3,76.08,NA,NA,1,857.8
96,"yes",32,0.176,327,99,2,1122.08,7,330.26,3,2,61,246.3
97,"yes",29,34.87,0,0,3,0,2,12.76,3,2,61,2317.1
98,"no",30,40.946,17,4,0,0,0,0,3,2,13,1574.5
99,"yes",36,8.606,4,0,2,0,2,54.21,3,4,2,1211.65
100,"yes",37,40.839,0,0,4,0,0,0,2,1,61,4888.7
101,"yes",31,1.483,0,0,1,0,7,224.39,NA,NA,12,300.4
102,"yes",34,48.361,144,32,2,397.87,2,74.63,3,1,61,94
103,"yes",32,14.272,19,8,2,80.38,2,101.41,NA,NA,10,1342.15
104,"yes",39,5.076,0,0,4,0,1,29.78,2,2,71,81.05
105,"yes",34,29.251,0,0,1,0,1,45.07,3,1,25,485.2
106,"yes",41,35.983,1,0,2,0,0,0,3,2,10,50.55
107,"yes",36,5.241,0,0,2,0,0,0,2,1,2,60.1
108,"yes",36,4.006,1,0,1,0,2,49.31,2,2,23,145.15
109,"yes",27,14.916,46,11,2,144.95,1,27.82,NA,NA,43,4859.1
110,"no",31,21.635,0,0,1,0,1,57.62,NA,NA,18,6161.9
111,"yes",29,6.798,112,30,1,145.32,1,34.38,NA,NA,8,1465.75
112,"yes",37,0.925,8,4,3,62.81,4,91.19,3,2,30,19
113,"yes",38,2.3,0,0,1,0,1,17.75,NA,NA,1,490.55
114,"no",38,2.051,0,0,3,0,4,155.4,NA,NA,14,4816.7
115,"no",34,9.56,23,7,2,84.92,1,20.46,4,2,11,1129.75
116,"yes",30,0.792,3,2,0,0,0,0,2,1,42,638
117,"no",33,3.577,7,1,1,5.07,0,0,2,1,19,5930.05
118,"yes",31,10.144,29,9,2,103.18,1,57.78,4,3,29,424.5
119,"yes",24,1.043,3,0,1,0,2,62.14,NA,NA,53,660.05
120,"yes",31,10.475,8,1,1,5,1,40.58,4,4,10,1697.7
121,"yes",30,15.049,0,0,2,0,0,0,NA,NA,1,5526.75
122,"yes",22,2.512,63,21,2,235.79,0,0,NA,NA,56,33.7
123,"no",37,9.859,67,20,3,376.02,0,0,3,2,43,546.45
124,"yes",29,18.877,121,39,2,385.53,0,0,3,2,25,632.2
125,"yes",34,3.441,0,0,0,0,4,95.13,NA,NA,3,238.5
126,"yes",30,1.525,1,0,1,0,2,113.61,3,1,31,1316.9
127,"no",29,25.005,179,60,1,381.79,0,0,4,2,22,5826.65
128,"no",35,17.259,0,0,2,0,2,37.77,3,3,55,2931
129,"no",29,5.97,2,0,3,0,0,0,NA,NA,67,2283.3
130,"yes",31,4.685,235,71,2,749.51,1,53.54,3,2,60,3751.15
131,"no",30,5.058,57,11,3,223.38,4,192.5,NA,NA,14,5461.45
132,"yes",43,0.967,0,0,0,0,5,327.16,3,2,26,625.65
133,"yes",35,48.198,37,9,3,151.49,1,56.72,5,3,65,5270.6
134,"yes",39,4.427,7,1,1,6.71,0,0,NA,NA,56,4871.45
135,"no",31,19.284,0,0,1,0,0,0,NA,NA,25,3134.7
136,"yes",33,0.78,0,0,1,0,3,154.91,2,3,68,676.7
137,"yes",34,1.653,22,2,2,26.12,2,52.36,NA,NA,24,2921.75
138,"yes",24,4.851,1,1,2,11.97,0,0,3,2,1,6316.2
139,"yes",32,4.928,69,23,1,134.84,2,27.91,4,4,40,4869.5
140,"yes",37,3.914,9,1,2,12.3,0,0,4,5,69,1943.9
141,"no",33,113.266,68,25,2,326.21,1,31.15,4,3,21,888.65
142,"yes",36,0.972,27,7,2,90.16,2,101.35,4,3,65,5957.9
143,"yes",34,5.08,2,0,1,0,4,96.57,NA,NA,61,5731.85
144,"yes",34,0.356,4,1,1,5.31,3,65.48,3,2,57,2193
145,"yes",32,16.891,7,1,2,12.56,1,69.34,NA,NA,5,3471.1
146,"yes",25,4.175,108,26,3,384.1,2,48.5,3,3,63,20.6
147,"yes",35,1.725,9,3,1,14.31,6,92.15,4,4,59,461.3
148,"yes",33,4.634,0,0,1,0,2,89.51,NA,NA,4,223.15
149,"no",31,18.523,26,4,2,49.54,0,0,3,3,65,60.15
150,"yes",40,3.853,56,19,2,174.8,2,51.07,3,1,19,4063
151,"yes",28,30.15,3,2,1,13.47,1,23.72,NA,NA,35,498.25
152,"no",37,11.862,4,3,2,38.7,1,14.02,3,2,10,425.1
153,"yes",37,14.845,2,0,3,0,0,0,NA,NA,9,1317.95
154,"yes",32,5.229,429,119,2,1561.45,1,34.46,NA,NA,27,929.3
155,"yes",31,5.421,27,7,1,39.4,1,46.56,3,2,1,1297.35
156,"yes",32,40.268,0,0,2,0,0,0,2,2,1,3089.1
157,"yes",30,19.074,83,27,2,368.98,0,0,4,2,25,7176.55
158,"yes",32,27.489,17,6,4,135.37,0,0,3,2,9,7074.4
159,"yes",34,3.075,21,5,1,28.07,2,84,4,2,29,1299.8
160,"yes",34,42.611,13,3,3,59.25,0,0,NA,NA,13,4155.95
161,"yes",37,115.685,0,0,0,0,0,0,NA,NA,32,4627.85
162,"yes",39,19.705,86,29,2,387.37,1,28.2,NA,NA,11,2866.45
163,"no",40,6.008,5,0,2,0,0,0,3,3,52,3545.1
164,"yes",38,5.669,0,0,0,0,3,91.58,NA,NA,66,5138.1
165,"yes",28,25.733,0,0,0,0,0,0,4,2,33,369.05
166,"yes",36,14.49,1,0,1,0,2,61.6,4,3,56,4494.65
167,"no",41,3.616,0,0,1,0,3,191.13,NA,NA,42,5016.25
168,"yes",42,13.036,137,33,1,222.18,4,149.94,NA,NA,71,469.85
169,"yes",30,11.47,0,0,1,0,1,34.62,3,1,43,1410.25
170,"yes",30,3.453,25,9,1,49.94,0,0,2,2,37,2555.9
171,"yes",24,9.234,1,0,1,0,0,0,3,1,70,19.4
172,"yes",33,1.61,48,12,1,77.28,2,52.3,4,3,15,1742.95
173,"yes",37,4.162,37,7,3,112.18,4,209.67,2,1,37,355.1
174,"yes",35,2.124,0,0,3,0,0,0,NA,NA,57,4911.35
175,"yes",35,48.484,0,0,1,0,0,0,NA,NA,61,562.6
176,"yes",36,2.381,40,14,2,193.64,4,188.44,3,2,5,2024.1
177,"yes",28,21.228,0,0,0,0,0,0,NA,NA,71,221.7
178,"no",37,8.981,0,0,2,0,0,0,3,3,25,74.5
179,"yes",35,9.217,5,2,1,10.6,0,0,3,3,2,283.75
180,"no",30,12.982,30,10,0,0,1,30.36,NA,NA,50,4549.05
181,"yes",35,75.988,0,0,3,0,0,0,3,2,8,1468.75
182,"yes",36,7.387,0,0,1,0,3,73.47,2,2,54,1315
183,"yes",42,2.161,0,0,2,0,3,65.09,NA,NA,4,1041.8
184,"yes",28,3.385,0,0,2,0,1,14.99,NA,NA,33,57.2
185,"no",38,40.92,7,2,3,39.92,0,0,4,3,24,1355.1
186,"yes",40,4.113,4,2,2,22.86,1,31.27,NA,NA,72,1170.55
187,"no",33,2.973,0,0,2,0,2,42.8,3,2,45,5969.95
188,"yes",32,16.285,17,5,3,99.59,2,85.34,NA,NA,1,6055.55
189,"yes",31,107.688,0,0,1,0,1,20.59,NA,NA,27,1244.8
190,"yes",27,0.377,1,0,1,0,14,590.31,NA,NA,42,1462.05
191,"yes",36,23.636,25,15,1,85.98,0,0,2,2,10,5963.95
192,"yes",29,21.883,115,30,0,0,0,0,4,4,71,4391.45
193,"yes",34,10.348,0,0,1,0,0,0,NA,NA,65,86
194,"yes",30,21.79,0,0,4,0,0,0,3,3,53,77.6
195,"no",35,8.585,26,8,1,47.24,1,27.24,NA,NA,1,285.2
196,"yes",33,227.618,0,0,2,0,0,0,NA,NA,69,3201.55
197,"yes",33,7.739,2,1,3,16.42,1,22.51,3,1,19,385.9
198,"yes",35,0.948,72,23,0,0,1,25.6,NA,NA,54,7245.9
199,"yes",30,8.51,16,3,1,19.27,0,0,NA,NA,59,1336.8
200,"yes",35,3.647,27,8,0,0,0,0,4,2,72,1767.35
201,"yes",32,1.012,19,7,0,0,2,69.48,3,3,24,5580.8
202,"no",33,35.304,66,21,1,145.91,3,48.11,NA,NA,11,3629.2
203,"yes",35,28.894,0,0,1,0,0,0,3,2,14,1532.45
204,"no",34,37.809,0,0,0,0,0,0,NA,NA,37,1174.8
205,"yes",41,4.134,285,81,2,848.94,1,35.32,2,2,50,1461.45
206,"yes",29,76.743,1,0,2,0,1,25.71,3,2,29,94.4
207,"no",36,15.722,0,0,1,0,1,27.44,1,2,4,4616.05
208,"yes",40,10.237,49,19,0,0,0,0,2,1,8,69.6
209,"yes",32,1.001,1,0,2,0,6,166.83,2,2,41,525.55
210,"yes",37,1.105,15,10,2,120.13,4,94.53,NA,NA,72,1665.2
211,"yes",29,1.318,17,3,2,37.65,3,80.1,3,2,65,53.95
212,"yes",33,1.005,146,43,2,479.96,4,177.78,NA,NA,1,419.4
213,"yes",26,7.61,19,6,3,111.2,2,48.33,2,2,20,865.55
214,"yes",26,2.638,103,30,2,369.75,0,0,2,3,46,6579.05
215,"yes",28,11.913,9,1,1,6.06,1,20.13,3,2,23,6145.2
216,"yes",39,12.473,1,1,1,7.19,1,27.64,NA,NA,68,1312.45
217,"yes",34,9.018,14,4,2,44.47,1,39.95,4,2,42,1165.6
218,"yes",30,99.31,23,8,0,0,1,76.5,NA,NA,12,608.8
219,"no",44,11.751,57,17,1,122.61,0,0,4,2,14,45.3
220,"no",27,3.76,35,5,1,27.51,1,55.8,3,2,24,4297.95
221,"yes",33,7.291,1,1,0,0,0,0,4,3,1,827.05
222,"yes",36,6.38,67,22,1,135.11,1,48.1,2,2,62,20.65
223,"yes",32,58.24,169,45,1,266.2,0,0,3,2,7,580.1
224,"yes",26,4.731,0,0,3,0,1,44.14,4,3,42,6263.8
225,"yes",35,0.744,33,9,2,107.85,4,162.09,2,1,67,319.6
226,"yes",37,2.204,41,15,3,276.13,1,47.77,4,3,4,6241.35
227,"yes",17,30.912,327,108,2,1187.51,0,0,3,2,43,4613.95
228,"yes",35,7.117,23,3,1,16.39,2,96.78,NA,NA,3,1082.75
229,"yes",32,20.32,1,0,1,0,2,65.41,4,1,72,69.75
230,"yes",40,26.92,124,39,2,460.3,1,33,3,2,27,847.8
231,"yes",32,5.288,21,6,2,66.99,0,0,NA,NA,65,130.1
232,"yes",31,27.032,0,0,3,0,1,51.91,5,4,9,477.6
233,"yes",32,11.418,84,28,1,176.75,1,45.76,4,3,48,183.75
234,"yes",36,25.464,0,0,1,0,1,20.14,2,2,45,5333.35
235,"yes",37,1.407,0,0,2,0,3,108.47,5,3,7,6997.3
236,"no",35,10.734,0,0,2,0,0,0,NA,NA,67,1348.5
237,"yes",28,2.509,0,0,1,0,3,119.54,NA,NA,1,1982.6
238,"yes",44,1.612,6,2,0,0,1,44,2,2,26,4976.15
239,"yes",47,74.789,2,1,2,13.95,0,0,3,2,40,1039.45
240,"yes",30,16.247,26,7,2,80.44,0,0,4,3,37,6129.65
241,"no",29,11.01,5,3,3,64.7,1,29.68,3,2,53,225.6
242,"yes",37,25.637,23,4,3,75.47,1,52.67,2,2,64,2007.25
243,"yes",32,7.162,168,51,2,587.38,1,19.25,2,1,3,1424.6
244,"yes",35,22.899,18,7,0,0,1,51.21,NA,NA,64,3055.5
245,"yes",27,2.77,19,8,4,200.63,0,0,4,3,1,1008.7
246,"no",36,24.202,44,10,1,66.88,1,23.95,NA,NA,46,20.15
247,"yes",34,6.741,5,2,4,48.86,2,22.88,4,3,4,3160.55
248,"yes",35,0.495,3,1,2,13.14,0,0,4,2,31,2479.25
249,"no",34,2.237,2,1,3,17.66,1,15.94,3,2,9,4445.3
250,"yes",31,4.759,0,0,2,0,1,38.29,3,2,4,1505.45
251,"no",39,0.93,30,14,1,89.03,0,0,3,2,17,471.55
252,"no",35,2.804,0,0,1,0,3,44.08,3,3,8,84.75
253,"no",34,5.307,0,0,0,0,0,0,NA,NA,60,422.5
254,"yes",36,3.136,27,8,1,46.79,2,96.27,3,2,8,91.1
255,"yes",38,43.041,0,0,0,0,1,15.19,3,3,3,1968.1
256,"yes",29,34.161,0,0,1,0,0,0,NA,NA,26,3899.05
257,"yes",33,4.657,11,1,2,11.98,2,64.76,2,2,1,231.8
258,"yes",31,48.56,1,1,2,13.09,0,0,3,2,3,6069.25
259,"yes",39,11.935,0,0,1,0,1,30.09,2,2,15,184.95
260,"no",32,20.228,0,0,3,0,0,0,NA,NA,29,4811.6
261,"yes",42,13.754,83,30,1,145.26,0,0,NA,NA,41,6382.55
262,"no",42,11.253,130,40,3,705.65,0,0,3,2,61,568.2
263,"yes",33,12.982,10,2,2,25.48,2,70.57,NA,NA,18,44.95
264,"yes",26,29.088,0,0,1,0,0,0,3,3,1,2217.15
265,"yes",33,20.455,0,0,1,0,0,0,NA,NA,9,19.9
266,"yes",35,3.311,6,1,2,11.26,2,38.34,2,2,35,5032.25
267,"yes",20,1.935,35,10,4,221.78,1,16.34,4,3,19,2065.15
268,"yes",26,16.301,0,0,1,0,1,21.15,3,2,8,458.1
269,"yes",40,2.049,8,2,1,14.88,3,120.47,NA,NA,37,44
270,"yes",30,3.697,49,9,0,0,1,40.49,2,1,3,7061.65
271,"yes",28,2.787,1,1,3,14.89,0,0,3,1,18,1782
272,"yes",33,12.597,1,0,1,0,2,93.21,2,2,26,1207
273,"yes",31,7.033,15,2,3,30.44,0,0,4,4,49,1863.8
274,"no",29,8.109,18,4,1,22.91,0,0,3,2,16,180.25
275,"yes",30,1.57,23,8,1,49.3,1,25.42,3,2,72,84.5
276,"yes",32,5.23,0,0,0,0,2,73.24,NA,NA,21,873.4
277,"yes",37,11.206,0,0,0,0,2,121.91,NA,NA,8,762.1
278,"yes",27,7.593,7,3,1,19.13,0,0,4,4,4,493.95
279,"yes",35,9.133,20,6,2,65.32,2,82.1,NA,NA,62,1916.2
280,"yes",40,13.029,4,0,2,0,2,45.52,2,1,44,70.8
281,"yes",29,7.161,180,54,0,0,0,0,NA,NA,30,381.3
282,"yes",33,6.23,8,1,1,6.04,0,0,4,3,9,204.7
283,"yes",42,9.715,7,1,0,0,1,44.97,NA,NA,72,1415
284,"yes",39,3,0,0,0,0,1,24.1,NA,NA,57,5812.6
285,"no",27,3.437,19,5,2,66.45,1,72.01,4,5,9,1110.5
286,"no",39,3.875,8,1,3,17.86,2,88.96,3,3,29,240.45
287,"yes",31,76.237,2,0,1,0,1,45.16,2,2,59,2191.7
288,"yes",37,2.801,86,24,3,449.82,2,58.6,5,4,17,607.7
289,"yes",26,14.576,0,0,0,0,0,0,NA,NA,28,178.1
290,"no",31,3.441,6,2,2,26.69,3,44.55,4,3,62,5229.45
291,"yes",31,45.721,145,42,2,489.36,1,81.49,NA,NA,1,340.4
292,"yes",33,39.592,24,9,1,53.02,0,0,2,2,43,76.4
293,"yes",28,13.984,101,31,3,522.37,1,44.84,NA,NA,28,3646.8
294,"yes",37,20.511,23,6,1,37.66,0,0,5,4,22,1519
295,"no",29,0.796,2,2,3,33.57,3,107.28,2,2,45,193.6
296,"yes",33,3.348,6,1,0,0,1,49.93,3,3,1,291.4
297,"yes",37,24.685,0,0,0,0,0,0,4,4,13,19.75
298,"yes",34,5.049,2,1,0,0,3,75.3,4,3,42,2658.4
299,"yes",42,39.34,1,1,0,0,0,0,2,2,5,4872.35
300,"no",38,5.906,4,1,1,6.42,0,0,NA,NA,55,545.15
301,"yes",35,18.674,2,0,4,0,1,22.18,NA,NA,71,1992.55
302,"yes",26,29.754,0,0,2,0,1,31.54,2,2,35,328.95
303,"yes",32,0.978,81,34,2,420.47,2,40.69,2,2,8,3425.35
304,"no",36,3.771,5,1,2,11.28,0,0,NA,NA,3,266.95
305,"no",29,2.126,111,36,2,387.03,2,132.51,3,3,12,4920.8
306,"yes",32,4.602,0,0,1,0,0,0,4,4,37,981.45
307,"yes",33,34.65,3,1,3,17.49,0,0,3,3,69,224.5
308,"yes",34,0.959,7,3,1,18.1,1,35.37,4,4,27,880.05
309,"yes",39,15.776,0,0,2,0,0,0,2,1,36,6474.4
310,"no",31,11.052,22,4,3,76.68,1,19.36,NA,NA,8,4111.35
311,"yes",33,1.989,101,36,2,423.75,0,0,4,3,4,4414.3
312,"yes",29,14.901,0,0,1,0,4,122.79,2,1,53,7110.75
313,"yes",41,3.775,0,0,1,0,1,11.72,NA,NA,8,543
314,"yes",30,13.24,0,0,1,0,0,0,4,3,15,19.65
315,"yes",24,29.683,71,20,1,135.42,1,26.25,3,2,2,1054.75
316,"yes",40,6.116,6,2,1,11.59,4,102.26,3,3,49,7159.7
317,"yes",30,20.91,15,5,2,61.74,2,67.53,4,3,17,1090.1
318,"no",32,1.016,4,1,0,0,6,169.44,5,4,70,108.7
319,"yes",40,1.02,46,14,2,171.55,2,44.67,3,2,16,1057.85
320,"yes",30,2.097,38,14,1,81.72,5,160.15,4,3,48,6056.15
321,"yes",37,36.006,91,31,0,0,0,0,NA,NA,63,426.65
322,"yes",34,9.12,1,0,0,0,0,0,3,3,2,2497.2
323,"yes",33,20.015,0,0,1,0,0,0,3,3,3,1379.8
324,"yes",31,22.797,3,0,2,0,1,15.14,NA,NA,67,45.8
325,"yes",43,1.501,0,0,1,0,3,62.29,3,2,48,19.8
326,"no",29,6.632,46,15,2,188.32,0,0,2,2,41,1564.4
327,"no",35,8.002,10,3,2,35.6,2,67.04,3,3,7,83.75
328,"yes",35,23.362,0,0,1,0,1,36.6,3,2,49,4018.35
329,"yes",42,5.291,13,5,1,33.49,1,33.54,3,4,32,8065.65
330,"yes",32,0.899,0,0,2,0,2,92.95,NA,NA,24,4920.55
331,"no",34,5.261,1,0,1,0,0,0,3,1,25,1026.35
332,"yes",37,23.285,1,0,1,0,0,0,NA,NA,63,589.25
333,"yes",27,4.782,1,0,3,0,1,39.19,NA,NA,30,954.9
334,"yes",32,4.289,0,0,0,0,0,0,3,3,27,3626.35
335,"yes",34,9.203,0,0,2,0,1,35.46,3,2,21,926.2
336,"yes",32,8.82,7,4,3,67.05,0,0,2,1,18,5375.15
337,"yes",29,30.597,0,0,1,0,2,75.07,NA,NA,54,1210.3
338,"yes",39,13.909,1,0,1,0,1,25.54,NA,NA,1,767.9
339,"yes",28,30.213,5,1,1,7.05,0,0,NA,NA,43,46.3
340,"yes",31,5.569,0,0,2,0,2,80.94,NA,NA,2,2754.45
341,"yes",31,6.367,9,3,1,19.02,5,121.19,3,3,15,4109
342,"yes",26,8.625,13,3,1,21.03,0,0,4,3,1,5000.2
343,"yes",33,13.792,40,9,1,51.73,3,72.61,3,2,1,70.6
344,"yes",37,2.12,0,0,2,0,1,39.66,4,3,64,45.25
345,"yes",42,7.209,1,0,2,0,0,0,NA,NA,12,267.35
346,"no",33,36.18,11,6,2,90.73,0,0,2,2,47,5708.2
347,"yes",39,7.791,36,13,2,156.05,1,40.68,3,2,68,519.15
348,"yes",39,6.498,87,29,0,0,1,36.33,NA,NA,70,129.15
349,"yes",47,16.303,21,7,2,93.46,1,49.85,NA,NA,56,4273.45
350,"yes",29,7.267,17,7,3,129.34,0,0,3,3,4,1718.35
351,"yes",31,11.506,69,17,1,95.24,0,0,NA,NA,56,4179.1
352,"yes",35,7.796,14,6,3,113.94,0,0,2,1,37,3588.4
353,"yes",39,28.422,117,27,1,189.32,0,0,2,1,8,1861.1
354,"yes",29,38.838,58,24,1,113.89,0,0,3,3,12,198.6
355,"yes",30,1.678,0,0,2,0,0,0,3,2,29,571.05
356,"yes",30,4.038,3,2,1,10.33,0,0,NA,NA,5,20.25
357,"yes",31,7.633,0,0,2,0,0,0,4,3,4,1498.55
358,"yes",36,18.151,0,0,0,0,3,95.97,3,3,31,324.3
359,"yes",39,10.164,107,32,2,387.4,0,0,NA,NA,49,4461.85
360,"yes",30,4.332,18,9,3,150.78,0,0,3,2,5,4685.55
361,"yes",34,5.588,10,1,1,6.35,4,188.17,3,3,35,6227.5
362,"yes",30,0.303,0,0,1,0,4,104.72,3,2,55,4438.2
363,"yes",29,7.86,2,2,2,26.96,1,30.01,NA,NA,50,7382.25
364,"yes",40,1.121,15,4,1,23.58,2,61.51,3,1,72,5068.05
365,"yes",41,11.215,17,5,0,0,1,21.54,3,2,54,229.5
366,"no",43,3.652,11,3,0,0,2,112.8,3,1,71,6981.35
367,"yes",33,32.183,0,0,3,0,0,0,3,2,13,953.45
368,"yes",28,1.043,2,2,2,25.82,1,74.61,3,3,6,3990.75
369,"yes",30,20.819,85,23,1,114.62,2,72.45,4,3,58,401.5
370,"no",27,3.213,0,0,2,0,2,152.23,3,2,46,1446.8
371,"yes",28,7.696,2,0,3,0,0,0,NA,NA,45,44.15
372,"yes",29,4.133,7,1,1,5.27,0,0,4,3,48,1057.55
373,"yes",33,0.591,2,1,0,0,3,37.67,3,3,24,2424.45
374,"yes",35,19.943,11,3,3,51.16,1,24.86,2,2,15,1302.65
375,"yes",37,3.762,0,0,0,0,0,0,NA,NA,9,4299.75
376,"yes",23,18.479,0,0,3,0,1,25.32,4,2,59,164.5
377,"yes",39,50.873,69,25,1,160.33,0,0,3,1,32,19.65
378,"yes",41,17.931,62,21,1,125.71,0,0,NA,NA,6,713.1
379,"yes",34,18.04,0,0,0,0,1,35.41,NA,NA,39,945.7
380,"yes",32,5.904,28,11,1,65.91,0,0,3,2,46,211.95
381,"yes",45,29.334,0,0,0,0,1,38.8,3,3,33,1955.4
382,"yes",36,7.183,0,0,1,0,2,43.8,NA,NA,11,4732.35
383,"yes",38,1.735,22,9,0,0,1,72.47,4,4,67,3624.3
384,"yes",36,1.453,1,1,2,15.28,4,135.33,NA,NA,33,94.6
385,"yes",30,2.126,52,22,3,405.21,4,287.75,4,3,1,169.8
386,"yes",34,10.952,10,3,1,21.6,0,0,NA,NA,31,1067.05
387,"yes",41,3.155,1,1,2,14.49,2,63.16,3,1,1,4056.75
388,"yes",38,1.5,6,1,3,13.97,4,104.76,3,2,11,1810.55
389,"yes",31,3.093,105,39,0,0,1,25.44,3,3,57,232.55
390,"yes",30,4.85,19,10,0,0,1,28.76,NA,NA,71,2444.25
391,"yes",33,25.336,42,13,2,154.04,0,0,3,3,14,302.75
392,"yes",42,7.121,34,11,1,68.5,1,15.02,NA,NA,1,1119.35
393,"yes",38,4.502,0,0,2,0,3,81.15,3,2,10,880.2
394,"no",34,3.611,36,13,1,73.57,1,41.92,NA,NA,1,3313.4
395,"yes",33,8.365,52,15,3,289.29,0,0,3,2,23,5943.65
396,"no",38,18.179,9,1,3,19.06,1,49.74,NA,NA,71,821.6
397,"yes",32,3.453,10,1,4,22.58,3,101.79,4,3,20,5899.85
398,"no",34,21.473,0,0,2,0,1,30.17,NA,NA,3,8312.75
399,"yes",41,2.832,42,12,1,78.51,0,0,NA,NA,29,578.5
400,"yes",40,8.598,1,1,2,11.9,0,0,3,3,1,3533.6
401,"no",39,5.083,21,5,1,30.07,0,0,3,3,32,1023.75
402,"no",27,1.228,11,3,0,0,1,32.7,4,3,5,347.65
403,"yes",29,2.579,11,3,2,45.24,3,107.04,3,3,39,70.6
404,"yes",32,0.223,3,1,4,22.5,1,31.14,NA,NA,23,6993.65
405,"yes",29,10.778,11,5,1,26.67,1,82.77,NA,NA,17,51.15
406,"yes",42,1.748,11,3,1,17.69,1,54.65,3,2,66,2664.3
407,"yes",36,3.698,54,19,1,117.67,1,39.87,2,2,11,2952.85
408,"yes",45,8.016,0,0,2,0,2,61.21,NA,NA,45,7039.45
409,"yes",31,2.902,25,8,2,82.85,2,27.64,NA,NA,9,2627.35
410,"yes",32,3.527,9,2,1,12.44,4,145.53,3,2,42,866.4
411,"no",35,0.486,0,0,1,0,4,105.54,2,3,72,253.8
412,"yes",31,18.412,0,0,1,0,0,0,3,3,53,78.95
413,"yes",30,1.691,21,7,1,41.85,4,99.51,5,4,39,5265.2
414,"yes",32,2.107,26,8,2,91.14,2,95.14,3,2,72,76.35
415,"no",33,3.533,14,6,1,37.29,2,51.54,3,1,33,2684.35
416,"no",26,109.891,0,0,1,0,0,0,NA,NA,15,4300.8
417,"yes",36,43.545,15,3,1,17.79,0,0,NA,NA,72,75.55
418,"yes",43,2.937,7,2,0,0,2,78.93,3,3,27,415.55
419,"yes",34,1.658,8,3,1,16.4,3,136.61,3,3,68,1815.65
420,"yes",35,8.903,4,3,1,17.72,1,60.52,5,5,61,2898.95
421,"yes",27,11.179,167,49,1,348.66,0,0,NA,NA,2,273.25
422,"yes",32,2.994,3,0,0,0,5,224.69,4,3,63,389.95
423,"yes",26,16.731,0,0,1,0,1,38.69,NA,NA,24,7082.45
424,"yes",33,2.776,3,1,2,11.54,0,0,3,1,64,167.5
425,"yes",20,0.852,9,2,1,12.46,2,46.56,2,2,49,68.5
426,"no",33,11.527,23,6,2,63.86,0,0,4,4,38,3778.1
427,"yes",33,7.582,186,58,3,1089.99,1,36.48,4,4,47,6921.7
428,"no",36,27.742,3,2,3,35.86,1,84.16,NA,NA,2,1214.05
429,"no",37,49.424,4,2,0,0,0,0,4,3,2,644.35
430,"yes",29,3.144,8,4,3,67.18,2,66.71,2,2,57,914.6
431,"yes",21,1.35,31,12,3,250.19,0,0,2,2,64,1440.75
432,"yes",31,15.328,92,20,1,121.21,0,0,NA,NA,21,6325.25
433,"yes",31,44.924,1,0,2,0,0,0,4,3,65,343.6
434,"no",36,15.384,144,32,3,485.3,1,35.82,3,2,30,2452.7
435,"yes",41,1.533,0,0,2,0,3,213.63,4,3,8,389.6
436,"yes",33,5.545,0,0,0,0,0,0,NA,NA,17,5919.35
437,"yes",38,2.765,0,0,1,0,2,65.42,3,2,71,1931.3
438,"yes",35,46.084,46,15,0,0,1,50.58,NA,NA,34,989.45
439,"no",42,5.164,26,7,1,45.14,2,82.04,3,3,72,344.2
440,"no",35,14.892,0,0,1,0,0,0,NA,NA,40,99.75
441,"yes",44,10.304,2,1,3,19.54,1,34.14,NA,NA,72,886.4
442,"yes",33,8.331,23,9,2,102.63,0,0,NA,NA,6,20.45
443,"yes",35,2.079,2,1,4,23.79,0,0,2,1,4,298.35
444,"yes",31,58.422,1,0,2,0,3,84.34,NA,NA,7,94.5
445,"yes",38,20.566,17,3,2,36.11,1,36.8,NA,NA,55,1309.15
446,"no",23,6.173,17,5,0,0,1,29.7,3,2,62,2433.5
447,"yes",40,17.381,8,3,0,0,0,0,2,2,10,3532.85
448,"yes",35,9.139,0,0,0,0,0,0,3,2,38,1059.55
449,"no",39,5.577,0,0,3,0,0,0,2,2,1,1378.25
450,"yes",35,4.525,1,0,3,0,2,76.2,3,1,49,6014.85
451,"yes",31,9.051,0,0,2,0,0,0,3,2,71,1556.85
452,"yes",35,1.022,4,3,2,41.94,1,43.3,2,2,3,74.45
453,"yes",34,13.34,0,0,1,0,1,50.77,NA,NA,55,770.4
454,"yes",27,5.835,247,73,2,945.56,1,24.94,NA,NA,16,659.65
455,"yes",33,2.358,31,12,1,66.48,2,60.38,NA,NA,70,45.4
456,"yes",33,21.77,82,23,2,255.26,0,0,2,2,60,1734.2
457,"yes",29,2.509,19,10,1,60.42,0,0,3,2,47,8126.65
458,"yes",41,59.063,0,0,1,0,0,0,NA,NA,15,69.55
459,"yes",39,10.387,0,0,1,0,0,0,3,2,29,5683.6
460,"yes",26,78.804,83,27,1,137.08,0,0,4,4,7,6155.4
461,"yes",35,4.358,132,40,2,536.91,2,52.61,3,2,1,2139.1
462,"no",42,9.099,0,0,1,0,0,0,NA,NA,15,4741.45
463,"yes",34,1.723,35,12,2,158.73,0,0,5,4,51,3834.4
464,"yes",31,308.687,0,0,2,0,2,65.5,3,2,29,5458.8
465,"yes",41,6.595,0,0,2,0,1,45.05,2,1,3,646.05
466,"yes",31,42.56,139,47,2,525.72,0,0,3,2,43,2379.1
467,"yes",33,55.195,102,29,1,186.25,2,55.03,4,3,50,5986.55
468,"yes",34,4.667,7,1,3,19.04,1,16.38,3,2,11,1374.9
469,"yes",39,43.548,0,0,1,0,0,0,NA,NA,22,662.65
470,"yes",36,20.275,0,0,0,0,2,52.14,NA,NA,3,1646.45
471,"no",28,38.761,1,1,2,12.39,0,0,3,2,45,116.6
472,"yes",28,13.554,2,1,0,0,1,31.96,NA,NA,35,131.05
473,"yes",32,8.149,1,0,1,0,1,35,5,4,15,3713.95
474,"yes",34,1.264,75,30,2,365.84,0,0,2,1,24,20.35
475,"yes",38,34.902,0,0,2,0,0,0,NA,NA,25,1424.2
476,"no",17,8.575,16,6,2,66.34,2,78.54,2,2,14,1790.65
477,"yes",35,58.334,15,5,0,0,1,19.02,NA,NA,5,1387
478,"yes",43,1.738,16,6,2,67.86,6,117.59,2,2,13,832.05
479,"yes",31,6.453,8,3,2,36.75,2,66.23,2,1,49,5744.35
480,"no",35,2.274,0,0,1,0,0,0,3,3,12,4904.25
481,"yes",42,5.351,96,24,3,410.23,1,41.49,3,3,40,4136.4
482,"yes",31,5.264,4,2,1,12.97,3,98.74,4,5,60,1215.6
483,"yes",39,13.524,0,0,1,0,1,62.29,4,3,63,1380.4
484,"yes",32,4.304,0,0,3,0,1,54.53,4,3,54,1709.1
485,"yes",24,1.499,1,1,0,0,0,0,2,1,48,179.85
486,"yes",33,2.077,1,0,2,0,4,105.44,NA,NA,22,141.1
487,"yes",37,40.763,0,0,1,0,0,0,3,3,65,6428.4
488,"yes",34,3.676,51,22,3,349.05,1,45.62,2,2,3,1978.65
489,"yes",32,20.353,0,0,0,0,0,0,4,3,56,1423.65
490,"yes",43,18.514,1,0,1,0,0,0,4,3,9,196.75
491,"yes",30,13.71,11,5,2,65.35,1,33.06,4,3,68,2661.1
492,"yes",40,5.01,3,1,1,5.99,0,0,3,2,72,1663.75
493,"no",31,2.075,48,15,2,183.73,2,63.23,4,3,3,1733.15
494,"yes",35,18.244,1,0,1,0,2,104.67,NA,NA,21,260.9
495,"yes",30,35.654,27,7,3,123.45,1,42.72,NA,NA,52,505.9
496,"yes",35,2.353,11,3,3,60.08,6,228,NA,NA,72,521
497,"yes",34,23.191,70,25,2,255.86,0,0,NA,NA,15,104.3
498,"yes",38,13.267,9,4,3,64.66,0,0,NA,NA,15,4528
499,"yes",33,5.793,10,4,2,47.63,1,28.28,4,3,6,444.75
500,"yes",32,36.239,114,32,1,183.83,1,32.62,NA,NA,14,918.75
501,"no",35,33.884,3,1,1,5.34,1,24.72,3,3,8,20.15
502,"yes",45,2.071,90,25,1,150.45,3,85.98,3,3,15,1218.45
503,"no",34,8.527,5,0,2,0,4,148.68,NA,NA,72,4016.85
504,"yes",36,10.687,2,1,1,5.1,1,25.13,NA,NA,2,463.6
505,"yes",35,37.182,3,1,3,16.96,0,0,3,3,72,483.7
506,"yes",36,50.615,0,0,2,0,1,66.33,3,2,13,931.75
507,"no",26,20.216,25,13,2,176.66,0,0,2,2,17,19.55
508,"yes",30,7.006,11,0,1,0,1,23.38,3,2,72,6339.3
509,"yes",32,0.533,30,10,1,50.43,4,156.04,NA,NA,7,856.65
510,"yes",39,7.977,0,0,2,0,1,47.53,NA,NA,68,5588.8
511,"yes",32,3.853,14,3,0,0,1,25.75,4,2,72,7624.2
512,"yes",37,21.534,0,0,2,0,0,0,3,2,14,1750.85
513,"yes",35,127.204,1,0,0,0,0,0,2,1,22,144.15
514,"yes",38,3.305,1,1,0,0,0,0,NA,NA,45,865.05
515,"yes",42,8.481,14,3,3,67.28,1,52.1,3,1,45,398.55
516,"yes",28,16.647,0,0,0,0,0,0,2,2,56,612.1
517,"yes",35,17.439,4,1,2,10.1,1,15.49,NA,NA,12,673.1
518,"yes",27,12.699,37,10,0,0,1,32.45,3,2,18,268.45
519,"yes",37,13.205,0,0,0,0,0,0,NA,NA,11,1010
520,"yes",36,2.182,16,4,4,102.62,2,58.8,3,2,71,1426.45
521,"yes",39,5.807,58,20,2,215.84,1,24.96,3,3,37,4884.85
522,"yes",42,6.11,8,3,0,0,0,0,NA,NA,68,1292.6
523,"yes",38,5.656,36,9,2,118,0,0,2,2,5,4447.55
524,"yes",36,2.242,0,0,2,0,1,23.15,3,2,17,3053
525,"yes",36,1.163,5,3,3,56.43,0,0,5,4,2,252
526,"yes",33,25.773,55,15,1,97.25,1,10.75,3,2,16,2018.1
527,"yes",36,16.985,1,0,3,0,1,19.76,3,3,17,61.15
528,"yes",35,78.613,1,1,1,5.95,0,0,NA,NA,41,856.5
529,"yes",37,7.818,2,1,3,18.56,0,0,3,2,9,2038.7
530,"yes",25,1.894,0,0,2,0,2,45.11,3,3,52,4557.5
531,"yes",18,3.947,31,11,1,66.49,1,17.5,3,2,48,677.05
532,"yes",33,15.897,5,4,2,62.06,1,30.04,NA,NA,50,6152.4
533,"yes",28,2.114,44,11,1,73.28,1,45.85,3,2,25,1685.9
534,"yes",33,6.582,0,0,1,0,3,347.67,3,2,46,5661.7
535,"yes",36,2.362,1,1,2,12.6,1,30.49,2,2,50,5924.4
536,"yes",31,0.441,15,7,4,179.53,4,171.43,4,3,55,134.6
537,"yes",32,52.457,82,26,0,0,0,0,NA,NA,36,1714.95
538,"yes",37,12.957,0,0,0,0,2,151.97,3,4,57,4327.5
539,"yes",34,8.293,307,84,4,2008.81,3,69.17,NA,NA,25,6954.15
540,"yes",32,17.651,28,10,2,114.52,4,99.78,NA,NA,9,436.2
541,"yes",27,3.031,0,0,2,0,1,41.69,3,3,23,501
542,"yes",34,10.703,30,10,0,0,0,0,NA,NA,64,172.85
543,"yes",40,13.34,1,1,2,11.81,0,0,NA,NA,9,5706.3
544,"yes",31,1.897,12,3,0,0,3,90.34,4,4,1,170.85
545,"yes",33,14.47,0,0,5,0,0,0,3,3,41,2728.6
546,"yes",32,4.286,0,0,2,0,0,0,3,3,1,5686.4
547,"no",38,8.846,1,0,2,0,1,71.2,3,4,4,1082.8
548,"no",32,97.649,20,4,2,50.01,0,0,2,1,38,2498.4
549,"yes",31,15.685,0,0,1,0,1,25.66,NA,NA,48,272.2
550,"yes",29,14.442,0,0,3,0,0,0,4,3,9,4213.35
551,"yes",31,30.715,133,45,1,238.95,1,34.63,2,2,20,1070.5
552,"yes",22,1.679,3,2,0,0,3,139.89,NA,NA,8,316.2
553,"yes",29,8.527,12,7,0,0,0,0,NA,NA,69,5071.9
554,"yes",33,5.33,20,7,4,171.47,1,25.8,4,4,27,6411.25
555,"yes",36,12.651,62,18,1,99.1,1,53.33,3,3,66,2208.05
556,"no",40,15.908,0,0,1,0,2,57.48,NA,NA,1,828.2
557,"yes",30,27.76,39,9,1,54.97,2,87.88,NA,NA,23,608
558,"yes",32,13.84,104,39,0,0,0,0,2,1,24,6474.45
559,"yes",39,53.599,23,3,3,51.52,0,0,5,4,3,171.45
560,"yes",30,89.652,9,2,1,12.73,0,0,4,2,16,6176.6
561,"no",27,6.148,7,1,3,17.39,1,35.31,NA,NA,67,413.25
562,"yes",35,9.449,71,13,0,0,0,0,3,3,61,4055.5
563,"no",38,10.216,0,0,2,0,0,0,4,4,54,2181.55
564,"yes",30,1.525,47,16,1,91.26,2,130.45,3,2,72,273.75
565,"no",31,12.28,9,2,0,0,1,28.15,2,1,16,4009.2
566,"yes",32,3.407,1,0,1,0,2,79.72,NA,NA,4,69.6
567,"no",38,1.992,29,13,1,79.27,3,77.98,2,2,48,216.75
568,"yes",35,4.059,66,16,1,112.46,1,27.31,5,4,9,923.1
569,"yes",40,9.002,68,22,1,132.44,1,16.71,2,2,12,1308.4
570,"yes",29,3.529,14,5,2,71.95,3,103.18,2,2,65,5711.05
571,"yes",30,5.752,1,1,2,13.91,0,0,4,2,1,516.15
572,"yes",32,4.404,27,11,2,109.39,5,136.01,3,3,9,1133.65
573,"yes",44,7.041,19,3,0,0,0,0,NA,NA,29,6851.65
574,"yes",33,28.396,120,34,1,205.11,2,49.13,4,3,66,735.9
575,"yes",31,3.035,54,14,0,0,1,22.23,4,3,3,2907.55
576,"yes",34,1.488,160,46,1,257.68,3,92.44,NA,NA,35,2333.05
577,"no",34,7,0,0,3,0,2,69.44,3,2,31,19.9
578,"yes",34,70.381,0,0,1,0,0,0,3,2,67,5586.45
579,"yes",30,9.431,0,0,3,0,0,0,NA,NA,52,678.45
580,"yes",29,10.02,0,0,0,0,4,138.15,2,1,30,1362.85
581,"yes",26,9.69,2,0,2,0,3,93.75,4,3,35,6470.1
582,"yes",37,0.705,79,23,2,264.87,2,53.18,3,4,50,531
583,"yes",34,60.153,43,10,1,60.26,0,0,NA,NA,66,780.25
584,"no",38,32.317,10,3,3,58.69,0,0,4,3,9,973.25
585,"no",37,57.073,0,0,0,0,0,0,3,3,62,1893.95
586,"yes",32,3.263,0,0,2,0,2,70.94,NA,NA,4,2357.75
587,"yes",30,3.465,6,2,2,27.44,1,65.32,NA,NA,16,2655.25
588,"yes",31,3.076,3,0,1,0,3,35.12,4,4,57,4747.85
589,"yes",25,24.402,0,0,0,0,0,0,NA,NA,2,7544.3
590,"yes",35,0.903,0,0,1,0,0,0,NA,NA,52,5769.75
591,"no",27,70.975,17,6,0,0,1,42.9,3,1,12,1573.05
592,"yes",33,10.247,0,0,1,0,1,27.83,2,2,49,79.6
593,"yes",35,2.227,24,8,1,48.14,1,61.13,2,2,1,76.95
594,"yes",27,5.779,0,0,2,0,2,56.96,2,1,4,1816.2
595,"no",33,19.079,0,0,4,0,0,0,3,2,4,2365.15
596,"yes",39,3.752,141,40,1,222.28,1,21.68,2,2,58,4758.8
597,"no",33,1.804,71,26,2,340.79,3,76.03,NA,NA,71,590.35
598,"yes",32,2.342,18,6,2,83.05,3,167.27,NA,NA,51,3541.1
599,"yes",34,4.476,0,0,0,0,1,14.16,3,1,68,877.35
600,"yes",35,1.536,6,3,0,0,2,65.77,2,2,3,6581.9
601,"yes",34,44.816,10,5,2,58.07,0,0,NA,NA,47,3213.75
602,"yes",26,3.368,23,5,3,80.34,2,61.62,NA,NA,48,7748.75
603,"yes",30,5.874,67,20,1,124.49,1,37.17,4,4,9,6018.65
604,"yes",35,14.186,24,7,0,0,1,20.73,3,2,1,1864.65
605,"yes",35,5.406,15,6,1,38.56,2,55.48,3,2,53,7990.05
606,"yes",40,1.065,53,16,1,99.79,1,47.02,3,2,17,4385.05
607,"yes",35,2.879,0,0,1,0,1,69.82,3,2,72,4303.65
608,"yes",34,199.161,0,0,1,0,1,38.12,4,3,60,5278.15
609,"no",27,7.877,5,2,1,13.49,2,29.71,3,2,3,69.65
610,"no",37,10.231,0,0,1,0,1,39.98,NA,NA,12,868.1
611,"yes",38,2.001,0,0,3,0,3,67.51,NA,NA,1,7782.85
612,"yes",30,13.126,44,15,3,268.9,1,53.16,NA,NA,65,55.25
613,"yes",35,2.502,20,8,0,0,0,0,3,2,1,78.8
614,"no",40,56.351,1,1,2,11.24,0,0,2,3,72,5956.85
615,"no",33,5.631,1,1,1,6.97,1,32.95,2,1,59,679.8
616,"yes",36,12.181,5,2,1,12.11,0,0,4,3,1,6425.65
617,"yes",28,13.508,42,15,2,213.47,0,0,4,3,10,3043.6
618,"no",30,0.793,0,0,2,0,2,50.49,4,3,1,244.45
619,"yes",39,60.392,23,14,2,157.28,0,0,3,2,72,7069.25
620,"yes",32,1.362,70,29,0,0,2,62.52,2,1,35,19.25
621,"no",24,9.62,4,1,2,11.92,1,61.65,4,4,37,171
622,"yes",34,1.099,1,0,2,0,2,87.69,3,2,55,826.1
623,"yes",35,20.653,3,0,1,0,1,39.18,3,4,15,368.1
624,"yes",36,6.064,0,0,0,0,1,51.24,3,1,9,1253.15
625,"yes",44,19.915,0,0,0,0,3,63.41,2,3,65,523.5
626,"yes",31,13.441,83,24,1,159.3,1,27.08,3,2,72,874.2
627,"yes",33,4.214,71,20,2,252.92,0,0,NA,NA,24,4853.75
628,"no",29,216.501,113,34,3,581.28,0,0,2,3,5,714.15
629,"yes",32,3.963,5,1,0,0,1,22.35,NA,NA,55,839.4
630,"no",37,28.804,1,0,3,0,0,0,2,2,63,1424.5
631,"no",34,3.943,0,0,2,0,0,0,NA,NA,19,4891.5
632,"yes",39,1.401,0,0,1,0,1,21.56,NA,NA,51,1270.55
633,"yes",42,1.923,83,26,0,0,1,27.2,NA,NA,11,6613.65
634,"yes",30,4.466,1,0,1,0,1,20.34,NA,NA,37,703.55
635,"yes",39,0.362,2,0,3,0,4,289.72,NA,NA,72,49.5
636,"yes",36,30.628,29,8,1,51.85,0,0,2,3,71,903.7
637,"no",37,14.763,22,9,0,0,0,0,3,2,70,70.45
638,"no",34,39.532,1,1,0,0,0,0,4,4,30,275.4
639,"yes",35,10.41,74,27,1,193.81,1,21.89,NA,NA,10,114.7
640,"no",33,29.788,10,4,2,49.62,1,20.01,3,2,0,1581.2
641,"yes",27,14.52,0,0,2,0,0,0,NA,NA,57,1907.85
642,"yes",42,11.981,3,2,0,0,0,0,3,1,43,2234.55
643,"yes",28,6.803,0,0,2,0,2,56.45,2,1,13,4144.9
644,"no",31,90.164,130,42,0,0,0,0,3,3,23,1553.2
645,"yes",32,7.036,60,20,3,369.12,2,40.06,NA,NA,48,5676
646,"yes",35,1.972,1,0,1,0,3,112.34,3,2,52,4149.45
647,"yes",27,21.986,0,0,1,0,0,0,3,3,33,2135.5
648,"no",27,11.518,3,1,1,6.86,2,45.95,3,2,56,2587.7
649,"yes",38,1.909,11,5,2,57.22,2,65.69,NA,NA,64,3196
650,"yes",34,14.696,136,30,2,407.37,0,0,3,2,6,2106.05
651,"no",37,27.324,0,0,2,0,0,0,NA,NA,4,5574.75
652,"yes",25,41.401,0,0,1,0,0,0,NA,NA,10,1345.55
653,"no",17,39.936,30,8,0,0,0,0,4,4,16,8075.35
654,"yes",22,1.906,34,8,2,90.54,3,131.78,3,3,64,253.9
655,"yes",39,3.48,15,5,3,81.27,3,134.72,3,2,43,1022.6
656,"yes",38,13.676,12,6,2,65.12,1,21.37,4,1,52,607.3
657,"yes",39,34.522,12,7,1,46.01,0,0,4,5,41,1901.25
658,"yes",35,10.478,5,3,2,42.7,1,28.06,4,3,11,29.7
659,"yes",40,1.619,17,4,4,100.87,6,209.21,2,1,54,5426.85
660,"yes",37,5.965,0,0,2,0,1,48.96,NA,NA,68,892.7
661,"yes",31,6.555,4,1,1,4.95,2,101.91,NA,NA,13,25.25
662,"no",34,4.184,6,2,3,33.82,4,166,3,3,46,55.55
663,"no",34,13.818,15,7,2,81.12,2,47.11,4,4,47,4298.45
664,"yes",39,7.189,0,0,1,0,1,15.52,3,2,68,1886.25
665,"no",41,8.003,4,2,2,26.62,5,170.02,NA,NA,41,1980.3
666,"yes",31,3.223,4,2,1,11.51,0,0,3,3,43,1360.25
667,"no",36,14.582,0,0,0,0,0,0,3,3,54,384.25
668,"yes",26,6.127,15,6,2,64.02,1,33.46,NA,NA,32,3655.45
669,"no",42,4.536,8,3,2,34.54,0,0,NA,NA,10,1451.6
670,"yes",30,5.903,0,0,0,0,1,26.3,2,2,8,740.3
671,"yes",38,22.879,19,10,1,64.74,2,56.43,4,3,48,74.7
672,"yes",33,4.135,42,23,3,413.16,0,0,2,2,20,6786.1
673,"yes",32,3.071,3,1,1,5.65,5,81.63,4,4,24,2484
674,"yes",25,11.859,0,0,2,0,1,38.31,3,1,41,4916.95
675,"yes",31,1.292,2,1,2,10.59,1,54.82,3,3,64,3824.2
676,"yes",33,10.072,1,0,1,0,2,31.73,2,2,12,1393.6
677,"yes",30,41.281,0,0,3,0,0,0,NA,NA,40,900.5
678,"no",36,3.665,2,0,2,0,2,55.81,NA,NA,33,811.8
679,"no",37,2.503,8,4,0,0,3,45.08,2,2,1,250.1
680,"yes",26,7.426,0,0,2,0,0,0,NA,NA,68,143.65
681,"yes",25,11.663,5,3,1,16.22,0,0,5,3,15,1132.35
682,"no",34,6.497,22,8,1,48.77,1,26.06,3,3,26,5357.75
683,"yes",34,2.834,0,0,2,0,3,116.29,2,2,10,1332.4
684,"no",30,3.278,0,0,0,0,3,104.43,NA,NA,72,2429.1
685,"yes",30,7.312,21,7,1,36.91,1,35.47,4,2,71,246.3
686,"yes",39,235.903,0,0,0,0,0,0,3,3,24,1028.75
687,"yes",36,145.908,3,1,2,11.31,0,0,4,4,48,340.35
688,"yes",26,1.792,5,1,1,5.33,2,54.87,NA,NA,69,768.05
689,"yes",38,2.495,0,0,2,0,2,85.4,3,3,34,7261.75
690,"no",41,50.708,0,0,1,0,1,50.79,3,3,12,1378.75
691,"yes",33,10.843,17,6,1,35.04,1,39.24,NA,NA,22,3184.25
692,"yes",35,2.624,8,2,1,14.2,2,71.63,NA,NA,1,59.2
693,"yes",43,2.235,53,15,1,101.63,0,0,NA,NA,1,141.5
694,"yes",35,7.91,1,1,1,6.07,0,0,NA,NA,5,450.4
695,"yes",36,7.995,16,3,2,46.21,1,44.75,NA,NA,43,1404.65
696,"yes",33,3.67,1,0,2,0,1,17.37,2,1,49,5234.95
697,"yes",32,53.089,101,31,2,349.34,1,30.38,5,2,43,117.05
698,"yes",26,9.126,0,0,0,0,0,0,4,3,21,19.25
699,"yes",31,3.916,40,11,1,75.05,3,63.26,3,2,14,1713.1
700,"yes",30,2.69,16,8,2,94.79,5,186.73,4,4,1,2263.4
701,"yes",32,18.271,26,4,1,24.81,0,0,NA,NA,47,1382.9
702,"no",25,5.754,1,0,0,0,1,34.25,NA,NA,6,8289.2
703,"yes",35,19.248,1,0,0,0,1,25.35,NA,NA,69,1242.25
704,"yes",27,37.542,11,4,2,45.83,1,18.47,NA,NA,8,7405.5
705,"no",31,9.434,0,0,1,0,1,45.15,3,2,2,6979.8
706,"yes",27,1.981,0,0,0,0,3,124.49,3,2,25,84.85
707,"yes",34,5.497,0,0,2,0,0,0,4,2,66,2145
708,"yes",41,42.248,1,0,2,0,1,26.44,3,2,38,5511.65
709,"yes",40,1.957,386,106,2,1586.17,0,0,4,4,46,5420.65
710,"yes",37,12.605,4,2,1,11.32,1,34.96,NA,NA,70,1183.05
711,"no",36,2.937,0,0,2,0,5,88.53,2,1,1,2806.9
712,"yes",34,6.717,26,7,1,37.81,2,68.79,NA,NA,10,1910.6
713,"no",32,15.728,3,1,2,13.07,1,31.35,NA,NA,50,5598
714,"no",37,44.91,6,1,3,20.85,1,17.87,NA,NA,38,165
715,"no",38,11.259,1,0,2,0,1,64.63,3,2,65,3283.05
716,"yes",32,184.215,0,0,3,0,0,0,3,2,57,1180.95
717,"yes",32,42.698,0,0,1,0,0,0,3,3,48,467.5
718,"yes",31,9.805,40,11,0,0,1,38.36,5,3,49,1566.75
719,"yes",29,82.252,44,12,2,149.78,0,0,NA,NA,72,20.95
720,"yes",42,5.408,13,5,2,58.58,2,77.12,NA,NA,29,2983.65
721,"no",27,8.178,18,6,2,80.38,1,92.02,3,3,1,6185.15
722,"yes",31,1.293,18,1,0,0,5,96.49,4,3,70,300.8
723,"yes",38,5.062,0,0,0,0,1,22.93,3,2,72,847.25
724,"yes",49,2.419,2,1,3,15.77,1,38.58,NA,NA,4,659.35
725,"yes",38,63.164,1,1,2,12.05,0,0,4,3,1,2398.4
726,"yes",25,4.508,31,11,1,50.61,3,69.74,NA,NA,72,3886.45
727,"yes",33,16.883,0,0,1,0,2,34.53,4,1,26,3303.05
728,"yes",32,4.074,9,1,2,13.43,1,57.04,4,3,1,829.3
729,"yes",35,4.412,43,8,2,99.14,1,41.19,3,3,34,387.2
730,"no",38,5.714,3,0,0,0,3,176.81,NA,NA,17,86.05
731,"yes",34,44.942,51,19,2,215.44,3,93.22,4,2,3,1166.7
732,"yes",39,0.958,1,0,2,0,3,79.29,4,3,43,20.1
733,"yes",28,19.637,55,18,3,324.44,1,28.5,3,3,1,2292.75
734,"yes",37,71.396,2,1,2,10.1,0,0,3,3,7,4653.85
735,"yes",35,20.261,0,0,2,0,1,26.36,4,2,16,2029.05
736,"yes",38,3.6,69,19,0,0,2,33.09,NA,NA,20,788.8
737,"yes",30,2.081,21,6,4,151.12,4,141.09,4,3,54,1621.35
738,"yes",30,42.745,35,10,3,184.8,0,0,2,2,70,2782.4
739,"yes",27,42.883,0,0,1,0,0,0,3,2,5,1643.55
740,"no",33,2.179,56,16,1,97.57,3,73.2,NA,NA,56,792.15
741,"no",32,1.845,0,0,1,0,0,0,NA,NA,15,72
742,"yes",33,12.884,0,0,3,0,1,21.5,NA,NA,50,6038.55
743,"yes",33,21.814,7,1,1,5.98,0,0,2,2,30,3375.9
744,"yes",30,4.499,0,0,1,0,0,0,2,2,68,3488.15
745,"yes",42,4.602,0,0,1,0,0,0,NA,NA,13,1504.05
746,"yes",34,11.203,19,9,0,0,1,16.66,NA,NA,20,1400.55
747,"yes",29,13.769,48,15,2,162.02,0,0,3,4,66,1021.8
748,"yes",37,13.89,0,0,1,0,1,15.45,4,3,13,102.75
749,"yes",42,3.526,0,0,2,0,2,45.27,NA,NA,72,2602.9
750,"yes",29,1.094,0,0,1,0,1,20.32,1,1,46,19.45
751,"yes",36,1.427,0,0,2,0,8,170.4,NA,NA,11,2433.9
752,"yes",26,16.48,9,3,2,34.54,1,27.93,NA,NA,4,805.1
753,"yes",33,160.335,0,0,1,0,1,30.38,3,1,2,449.3
754,"yes",36,58.685,67,17,0,0,0,0,NA,NA,34,797.1
755,"yes",32,8.284,15,7,2,77.27,0,0,NA,NA,2,2546.85
756,"yes",22,30.455,16,5,2,58.01,0,0,3,3,55,70.25
757,"yes",24,22.048,1,0,0,0,1,31.66,NA,NA,4,3921.3
758,"yes",32,14.317,0,0,0,0,1,42.87,3,2,71,4976.15
759,"yes",29,3.297,118,35,1,226.68,2,100.63,NA,NA,13,6671.7
760,"yes",31,34.624,0,0,3,0,1,51.65,5,3,30,3152.5
761,"yes",32,2.555,0,0,0,0,0,0,NA,NA,13,338.1
762,"yes",38,19.292,66,18,0,0,4,80.92,4,4,7,6891.4
763,"yes",38,5.536,0,0,0,0,5,211.07,3,3,30,139.05
764,"yes",34,12.906,1,1,5,26.66,1,22.69,NA,NA,28,4855.35
765,"yes",41,13.812,10,2,2,26.21,2,84.39,NA,NA,0,356.1
766,"yes",36,144.78,0,0,1,0,0,0,5,4,63,455.3
767,"yes",32,6.791,111,34,1,203.92,1,22.22,NA,NA,18,1103.25
768,"no",39,5.691,0,0,2,0,0,0,3,3,39,561.15
769,"no",35,9.908,0,0,1,0,1,71.24,NA,NA,35,6890
770,"yes",43,49.392,18,7,1,42.68,0,0,3,4,41,2838.55
771,"yes",36,8.05,0,0,2,0,0,0,3,2,29,74.2
772,"yes",26,5.295,337,95,1,559.83,2,22.31,NA,NA,50,898.35
773,"yes",28,22.776,0,0,2,0,0,0,5,3,8,7511.9
774,"yes",30,9.065,158,54,2,665.46,2,66.24,3,2,72,3027.25
775,"yes",30,4.97,0,0,1,0,3,114.74,3,1,2,7133.1
776,"no",28,4.486,0,0,2,0,0,0,NA,NA,59,86.6
777,"no",34,7.188,0,0,3,0,0,0,NA,NA,54,855.3
778,"yes",37,10.872,5,1,1,5.11,0,0,4,2,29,7234.8
779,"no",34,198.495,56,19,0,0,0,0,NA,NA,2,447.75
780,"yes",31,16.486,48,16,1,91.39,0,0,2,1,3,3772.5
781,"yes",31,22.185,7,1,4,26.64,1,18.38,2,3,68,97.5
782,"yes",40,2.744,0,0,2,0,3,135.46,3,1,35,445.3
783,"yes",25,17.199,25,4,2,59.71,0,0,2,1,4,1293.8
784,"yes",43,9.105,2,0,2,0,2,39.35,NA,NA,64,809.75
785,"yes",41,9.574,0,0,0,0,0,0,NA,NA,36,56.35
786,"no",30,20.175,0,0,1,0,0,0,2,3,52,606.55
787,"yes",34,32.159,4,0,0,0,1,46.08,NA,NA,18,695.85
788,"yes",38,17.667,54,16,3,348.48,0,0,2,1,72,101.45
789,"yes",32,6.296,243,68,1,433.5,1,16.29,NA,NA,66,20.45
790,"yes",39,15.131,10,4,3,65.32,2,68.4,3,3,1,4052.4
791,"yes",30,11.965,0,0,1,0,0,0,3,2,4,68.65
792,"yes",35,33.354,0,0,3,0,0,0,3,3,60,5440.9
793,"yes",34,4.967,116,34,1,191.68,1,17.36,NA,NA,40,854.45
794,"yes",31,1.499,175,61,0,0,1,21.87,2,2,55,1326.35
795,"yes",36,50.661,25,3,2,35.77,1,44.63,3,2,8,1152.8
796,"yes",36,5.24,1,1,1,6.17,4,208.12,NA,NA,68,447.9
797,"yes",31,20.978,104,32,2,314.32,1,30.45,NA,NA,11,89.75
798,"yes",23,2.673,0,0,2,0,2,167.21,4,3,1,1737.45
799,"yes",31,160.682,1,0,1,0,1,19.77,3,4,72,1363.45
800,"yes",29,2.622,10,4,1,25.6,0,0,3,3,19,518.3
801,"yes",35,33.111,256,80,4,1850.53,0,0,3,3,46,4228.55
802,"yes",28,7.703,120,39,0,0,1,22.44,3,3,30,1497.9
803,"yes",33,27.52,5,1,1,5.71,0,0,NA,NA,34,2847.2
804,"no",34,2.429,38,18,2,262.59,0,0,NA,NA,13,157.75
805,"yes",40,38.895,29,3,3,52.3,0,0,3,1,31,930.9
806,"yes",32,5.084,28,9,2,125.79,0,0,NA,NA,17,648.65
807,"yes",30,33.73,0,0,1,0,1,33.64,2,2,1,1023.9
808,"yes",33,11.424,47,12,2,124.11,2,31.5,2,2,6,4428.45
809,"yes",30,3.282,0,0,2,0,2,112.14,NA,NA,30,498.1
810,"yes",32,18.951,17,6,2,73.51,0,0,NA,NA,1,4442.75
811,"yes",36,7.434,3,0,1,0,0,0,3,3,69,1653.45
812,"yes",34,99.834,16,7,2,72.95,0,0,4,4,23,998.1
813,"yes",35,38.464,11,2,1,10.9,1,60.66,3,4,19,4265
814,"yes",29,7.927,25,3,1,16.77,1,38.74,3,3,4,495.15
815,"yes",34,11.583,71,19,1,124.63,1,31.33,NA,NA,33,20.3
816,"yes",41,0.117,6,1,0,0,17,698.35,NA,NA,21,2215.45
817,"yes",40,2.451,0,0,1,0,1,21.92,3,3,25,4222.95
818,"no",30,118.873,0,0,2,0,0,0,NA,NA,7,49.3
819,"no",39,15.901,16,5,3,88.85,2,71.79,NA,NA,36,2093.9
820,"yes",33,3.032,321,103,1,701.97,1,21.59,2,2,28,1274.45
821,"yes",36,19.962,0,0,3,0,2,86.09,NA,NA,45,50.9
822,"yes",40,0.04,0,0,0,0,18,347.27,4,3,8,5293.4
823,"yes",31,44.053,5,1,3,17.09,0,0,4,3,21,1501.75
824,"yes",35,1.314,41,11,2,130.88,5,161.52,3,3,56,1615.1
825,"yes",29,2.713,176,51,2,703.83,0,0,3,2,1,6770.85
826,"yes",39,28.486,102,34,1,219.44,1,20.67,4,3,1,5034.05
827,"yes",36,5.822,0,0,1,0,0,0,3,1,70,712.75
828,"yes",34,5.396,0,0,1,0,2,133.49,NA,NA,8,1525.35
829,"no",26,8.444,0,0,1,0,1,28.12,NA,NA,1,1664.3
830,"yes",27,62.816,1,1,2,10.79,0,0,2,2,2,6179.35
831,"yes",27,6.874,2,2,1,13.29,1,66.86,2,2,72,883.35
832,"no",29,0.667,1,0,2,0,4,180.11,2,2,6,1759.55
833,"yes",30,0.559,31,13,4,342.38,1,35.5,NA,NA,10,220.4
834,"yes",35,20.601,0,0,3,0,2,89.05,3,2,4,89.1
835,"yes",30,19.043,0,0,0,0,1,20.5,NA,NA,56,2335.3
836,"no",38,5.807,0,0,1,0,0,0,NA,NA,60,1871.85
837,"yes",29,9.305,0,0,1,0,0,0,3,2,23,897.75
838,"yes",39,26.676,1,0,2,0,1,27.34,NA,NA,49,5437.1
839,"yes",37,21.008,1,0,0,0,0,0,3,3,23,109.8
840,"yes",31,20.658,2,0,3,0,2,77.1,3,2,37,7285.7
841,"yes",39,0.553,0,0,1,0,3,110.79,2,2,6,136.75
842,"no",28,1.431,83,27,1,166.07,1,36.39,3,2,3,6520.8
843,"yes",44,8.927,0,0,1,0,1,20.65,NA,NA,8,1130.85
844,"yes",35,16.898,0,0,1,0,0,0,3,3,0,1626.05
845,"yes",44,1.044,22,8,2,82.69,4,62.12,4,4,12,989.05
846,"yes",29,2.217,5,0,1,0,2,78.68,NA,NA,1,30.5
847,"no",36,16.438,1,0,2,0,0,0,3,2,72,4287.2
848,"no",34,0.782,14,3,1,16.25,1,33.48,NA,NA,22,6460.55
849,"yes",30,1.393,0,0,1,0,2,63.32,3,1,2,95
850,"yes",26,1.299,22,6,1,31.1,2,51.03,3,4,9,732.5
851,"yes",23,24.04,73,25,2,303.3,0,0,NA,NA,61,369.6
852,"yes",32,8.946,103,21,1,149.64,5,169.69,NA,NA,67,4508.65
853,"yes",35,1.664,4,0,3,0,2,94.14,NA,NA,1,5459.2
854,"yes",35,2.132,0,0,0,0,2,137.13,5,5,31,2361.8
855,"yes",30,7.373,12,2,1,12.85,0,0,2,2,68,5483.9
856,"no",35,13.757,52,17,1,99.36,1,55.4,3,2,67,1734.5
857,"yes",28,67.196,22,12,0,0,0,0,NA,NA,36,470
858,"no",36,14.315,40,7,1,38.8,1,28.65,NA,NA,71,4720
859,"yes",38,33.422,43,16,1,94.07,0,0,4,3,31,25.7
860,"yes",27,19.093,54,21,1,128.49,0,0,NA,NA,72,346.2
861,"yes",31,26.856,13,6,2,55.73,1,49.07,NA,NA,57,188.1
862,"yes",35,26.902,0,0,4,0,0,0,NA,NA,1,7965.95
863,"yes",29,5.464,171,51,2,653.7,0,0,3,4,7,5608.4
864,"yes",35,5.855,0,0,1,0,4,73.43,3,3,5,2345.55
865,"yes",31,1.748,11,2,2,25.9,1,47.21,NA,NA,1,5832
866,"yes",27,2.889,27,10,1,63.33,3,60.04,NA,NA,11,2688.85
867,"yes",39,1.08,5,2,1,12.85,6,120.79,NA,NA,8,4443.45
868,"yes",44,27.921,47,11,1,77.55,1,47.35,2,1,1,666
869,"yes",36,23.006,12,0,1,0,0,0,3,2,2,485.9
870,"yes",15,2.169,0,0,2,0,0,0,NA,NA,23,4323.45
871,"yes",31,12.522,61,15,1,85.07,4,167.6,NA,NA,35,1358.85
872,"yes",28,2.517,5,0,2,0,1,33.91,2,1,10,5448.6
873,"yes",42,28.5,0,0,3,0,2,99.82,NA,NA,2,3161.4
874,"yes",28,15.32,8,1,1,6.19,1,29.59,NA,NA,51,62.25
875,"yes",37,1.179,2,0,0,0,0,0,3,2,22,1873.7
876,"no",35,4.273,4,3,4,70.23,2,60.33,NA,NA,71,620.55
877,"yes",25,73.244,0,0,1,0,1,49.7,NA,NA,30,1574.45
878,"yes",38,24.289,28,8,1,46.64,0,0,4,3,1,404.2
879,"yes",33,1.129,77,24,0,0,9,191.02,2,2,23,6586.85
880,"yes",32,7.668,240,64,2,817.17,2,102.44,NA,NA,2,1177.05
881,"yes",33,4.673,0,0,1,0,0,0,3,2,72,330.05
882,"yes",36,44.231,0,0,0,0,1,30.39,NA,NA,1,770.6
883,"yes",38,104.632,0,0,2,0,1,39.18,4,4,1,387.7
884,"yes",30,39.468,2,0,3,0,0,0,NA,NA,71,2583.75
885,"no",28,60.191,4,0,0,0,1,29.75,2,2,1,4464.8
886,"yes",33,2.444,0,0,0,0,2,84.88,NA,NA,1,1033
887,"yes",32,5.522,0,0,2,0,1,40.64,NA,NA,1,6786.4
888,"yes",37,93.187,15,5,2,66.84,0,0,NA,NA,66,19.75
889,"yes",31,16.019,0,0,0,0,0,0,NA,NA,38,82.85
890,"yes",39,109.899,35,7,0,0,0,0,4,3,1,2048.8
891,"no",32,17.677,3,0,0,0,1,31.78,3,3,1,2789.7
892,"yes",38,10.012,80,28,3,502.29,1,39.99,NA,NA,52,528.35
893,"yes",36,16.054,0,0,1,0,0,0,2,2,34,181.65
894,"yes",29,2.541,65,13,1,78.84,5,111.06,2,1,46,267.4
895,"yes",36,1.793,80,22,3,379.3,1,31.59,NA,NA,27,1263.85
896,"yes",33,45.603,0,0,1,0,0,0,3,2,68,474.9
897,"yes",23,6.902,13,2,2,24.7,1,34.14,3,1,10,1003.05
898,"yes",37,1.328,0,0,2,0,5,108.98,2,2,72,4370.25
899,"yes",28,2.15,1,0,1,0,1,20.99,NA,NA,44,1506.4
900,"yes",29,4.955,0,0,2,0,1,24.8,2,2,9,5432.2
901,"yes",33,0.694,0,0,1,0,2,74.56,2,2,33,4122.9
902,"yes",33,66.966,2,1,0,0,0,0,4,2,71,5913.95
903,"no",37,9.279,0,0,0,0,0,0,2,1,18,73.55
904,"yes",42,24.148,171,49,2,637.36,0,0,3,2,26,1782.4
905,"yes",30,15.618,60,21,0,0,1,31.91,4,3,20,19.55
906,"yes",29,2.384,65,22,2,267.96,2,33.17,NA,NA,25,4631.7
907,"no",35,2.776,1,0,1,0,0,0,3,2,1,5753.25
908,"no",38,1.038,9,1,0,0,4,124.29,2,2,33,6703.5
909,"yes",32,2.166,5,0,1,0,2,38.63,3,3,40,33.7
910,"yes",37,10.405,0,0,2,0,3,40.3,NA,NA,12,1620.8
911,"yes",41,2.272,19,5,1,37.25,2,73.08,3,2,6,2928.5
912,"yes",25,101.887,32,11,2,130.6,0,0,3,3,44,196.75
913,"yes",35,5.756,265,94,1,545.06,0,0,NA,NA,62,4116.15
914,"yes",30,0.932,67,20,3,349.66,1,50.75,NA,NA,30,1119.9
915,"no",31,0.577,0,0,2,0,3,146.97,4,3,51,2211.8
916,"yes",36,6.577,7,2,1,12.09,2,107.42,4,4,38,696.8
917,"yes",30,6.581,28,12,1,68.01,1,22.83,3,2,54,903.6
918,"yes",34,3.731,0,0,2,0,1,33.28,3,2,5,7493.05
919,"yes",31,2.443,218,68,2,732.14,2,82.85,2,3,1,609.65
920,"yes",29,42.47,52,18,2,237.16,0,0,4,3,3,1753
921,"yes",35,4.47,0,0,0,0,0,0,2,1,59,1128.1
922,"yes",41,15.61,172,52,2,596.46,0,0,NA,NA,43,5236.4
923,"yes",34,1.546,12,2,2,20.84,3,141.23,3,3,67,2545.75
924,"no",28,51.441,0,0,0,0,0,0,NA,NA,56,1964.6
925,"yes",26,8.446,38,12,2,127.36,0,0,NA,NA,15,165.2
926,"no",26,10.47,0,0,3,0,1,37.02,4,2,1,503.25
927,"yes",36,24.015,22,6,1,38.25,1,57.75,4,4,62,160.05
928,"yes",29,5.383,0,0,2,0,0,0,3,3,67,189.1
929,"yes",28,24.443,15,8,3,162.65,0,0,3,2,71,313
930,"yes",37,8.591,0,0,1,0,2,57.17,4,2,28,8349.7
931,"yes",42,15.796,38,15,1,81.66,0,0,3,3,1,6697.35
932,"yes",30,10.362,0,0,2,0,1,27.4,3,2,1,4459.15
933,"yes",32,66.464,10,4,1,25.83,0,0,3,3,49,50.55
934,"yes",32,57.368,108,34,1,221.19,0,0,NA,NA,54,5040.2
935,"yes",33,1.996,10,1,1,6.3,2,111.83,NA,NA,57,7609.75
936,"no",29,3.504,75,35,2,494.27,2,70.78,3,3,4,531.55
937,"yes",25,32.823,130,35,0,0,1,36.57,3,1,34,5293.95
938,"no",25,1.062,1,0,2,0,9,335.86,3,2,71,1846.65
939,"yes",28,5.572,46,14,0,0,0,0,2,2,2,5861.75
940,"yes",31,4.63,38,16,1,104.86,3,51.61,3,3,31,44
941,"yes",42,4.204,21,7,2,79.73,0,0,1,1,40,2890.65
942,"yes",32,4.572,22,10,1,63.7,2,64.8,NA,NA,54,1908.35
943,"yes",37,20.033,332,103,1,738.07,0,0,2,1,4,29.9
944,"yes",31,8.154,16,3,0,0,4,150.48,2,1,3,2200.25
945,"yes",35,4.964,0,0,0,0,0,0,2,1,4,1752.55
946,"yes",41,6.571,0,0,2,0,2,179.67,3,2,52,678.8
947,"yes",35,1.222,50,9,0,0,0,0,4,3,63,125.95
948,"yes",32,8.201,187,58,2,703.34,3,94.71,2,2,67,3126.85
949,"yes",38,1.29,13,2,0,0,3,68.57,NA,NA,46,25.05
950,"no",33,39.509,2,0,2,0,1,67.69,4,3,40,776.25
951,"yes",43,0.639,7,3,2,30.69,2,52.47,NA,NA,18,161.45
952,"yes",38,3.141,2,1,0,0,5,146.05,NA,NA,56,2249.1
953,"yes",36,2.076,25,11,1,57.97,1,46.88,3,1,1,2034.25
954,"yes",38,55.744,0,0,3,0,0,0,2,3,64,442.85
955,"yes",25,24.024,11,5,0,0,0,0,3,3,45,1275.7
956,"yes",42,7.527,4,1,2,12.58,0,0,NA,NA,70,74.9
957,"no",31,4.382,48,16,1,96.61,0,0,3,3,55,84.6
958,"yes",39,80.99,43,12,2,132.89,0,0,4,3,57,19.2
959,"yes",31,1.539,81,20,1,107.79,4,53.6,3,4,69,4368.95
960,"no",38,40.319,1,0,1,0,1,33.84,NA,NA,70,5551.15
961,"yes",35,0.429,8,3,0,0,5,52.38,NA,NA,49,69.7
962,"yes",35,1.839,28,6,1,34.28,0,0,3,2,72,220.45
963,"no",42,8.374,0,0,2,0,0,0,NA,NA,8,202.3
964,"yes",31,5.533,0,0,2,0,2,53.02,NA,NA,63,1258.3
965,"yes",35,46.156,1,1,0,0,0,0,4,3,52,7118.9
966,"yes",31,3.393,0,0,1,0,1,35.62,4,3,1,994.55
967,"yes",36,22.884,3,0,1,0,0,0,NA,NA,15,683.25
968,"yes",25,11.088,3,0,0,0,0,0,3,3,53,3457.45
969,"yes",28,3.141,6,3,1,15.45,4,106.62,NA,NA,60,777.3
970,"yes",33,28.646,18,5,2,55.01,0,0,2,2,31,5222.3
971,"yes",33,34.75,0,0,4,0,0,0,NA,NA,0,333.55
972,"yes",34,27.837,5,3,1,18.51,0,0,3,2,17,6078.75
973,"yes",33,2.226,3,1,1,5.99,1,49.66,NA,NA,54,1390.6
974,"no",23,5.823,4,0,0,0,1,40.45,4,4,30,68.35
975,"yes",34,12.544,1,0,1,0,0,0,2,1,67,2698.35
976,"yes",24,2.405,17,7,0,0,1,34.5,3,2,56,6385.95
977,"yes",32,3.736,11,3,3,62.91,0,0,NA,NA,8,20.15
978,"yes",38,8.715,0,0,3,0,0,0,NA,NA,71,167.2
979,"yes",39,2.803,5,2,2,25.35,4,98.54,NA,NA,20,4016.2
980,"yes",35,1.944,13,7,0,0,1,31.14,2,2,46,4040.65
981,"yes",29,38.025,71,21,2,246.05,0,0,NA,NA,56,1498.2
982,"yes",35,18.267,0,0,0,0,0,0,3,2,42,351.55
983,"yes",29,20.429,0,0,0,0,1,22.91,2,1,72,2835.5
984,"no",38,4.321,14,4,1,21.75,1,27.37,NA,NA,9,2847.4
985,"no",41,6.22,0,0,0,0,2,94.66,NA,NA,67,48.95
986,"yes",34,0.417,0,0,1,0,7,222.28,NA,NA,22,19.2
987,"yes",30,3.432,20,7,3,130,1,48.59,3,3,50,581.7
988,"yes",34,2.668,266,85,2,945.35,1,43.62,NA,NA,66,2917.5
986,"yes",34,0.417,0,0,1,0,7,222.28,NA,NA,22,19.2
989,"yes",37,20.631,34,6,2,72.42,0,0,3,2,33,966.25
990,"yes",43,4.35,28,7,3,135.31,2,76.62,4,3,5,20.45
991,"yes",29,1.533,146,44,0,0,3,59.35,NA,NA,58,2320.8
992,"yes",33,35.726,76,25,2,304.15,0,0,NA,NA,0,7076.35
993,"yes",33,18.751,0,0,1,0,1,14.95,1,1,7,3937.45
994,"yes",30,9.086,0,0,2,0,0,0,4,4,12,5229.8
995,"yes",34,2.867,24,5,1,30.8,1,37.88,4,4,1,1174.35
996,"yes",29,15.042,295,83,0,0,0,0,2,2,8,4113.7
997,"yes",24,19.625,4,1,1,6.94,0,0,4,4,35,551.3
993,"yes",33,18.751,0,0,1,0,1,14.95,1,1,7,3937.45
998,"yes",37,10.078,1,0,0,0,0,0,3,2,2,146.9
999,"yes",36,3.729,0,0,2,0,5,267.95,3,2,70,3266
1000,"no",37,21.959,15,4,0,0,2,82.42,2,2,43,518.9
